"","ID","dynamic","stage","rate_ad","area","sa_change","Survey_times","Site"
"1",149,"GM","J",1.552257534067,0.002127015,0.002550358,1,"M1"
"2",141,"GJ","J",1.45108831967499,0.001215776,0.001283505,1,"M1"
"3",132,"GL","J",3.00285465924184,0.002759328,0.008978975,1,"M1"
"4",129,"GJ","J",1.87616563287031,0.000764297,0.001267129,1,"M1"
"5",128,"GM","J",0.929345730305904,0.002711421,0.000858363,1,"M1"
"6",127,"GM","J",2.3644723898315,0.000849051,0.001994989,1,"M1"
"7",126,"GM","J",1.02884708342892,0.002002431,0.000916179,1,"M1"
"8",95,"SM","M",0.533089319933134,0.008592585,-0.00210338,1,"M1"
"9",94,"GM","J",6.80772518738756,0.000444855,0.00384545,1,"M1"
"10",93,"GM","J",2.62787932983572,0.001377197,0.003749872,1,"M1"
"11",92,"SL","L",0.642332445860696,0.016438419,-0.001479935,1,"M1"
"12",91,"GL","L",0.945512217111529,0.014483319,0.004916734,1,"M1"
"13",90,"GM","J",1.57434020782558,0.001963847,0.002416151,1,"M1"
"14",89,"GM","J",2.32421707800453,0.001284267,0.002944363,1,"M1"
"15",88,"GM","M",0.735869638749578,0.005889343,0.000250191,1,"M1"
"16",85,"SJ","M",0.668879975809662,0.002842749,-0.000149017,1,"M1"
"17",84,"GM","J",3.29147959574229,0.000621671,0.002277137,1,"M1"
"18",83,"GJ","J",2.28636091829739,0.000361121,0.000808554,1,"M1"
"19",82,"GM","J",3.02185534506163,0.001566288,0.005138931,1,"M1"
"20",81,"SL","L",0.634438739862078,0.025202569,-0.002550797,1,"M1"
"21",80,"SM","M",0.467896060997906,0.00564949,-0.00190471,1,"M1"
"22",79,"GM","M",0.788110900888774,0.007391645,0.000861056,1,"M1"
"23",76,"GJ","J",1.92753430119887,0.000261404,0.000452405,1,"M1"
"24",75,"GM","M",1.06637444795811,0.005552328,0.002835558,1,"M1"
"25",74,"GL","L",0.847642426435468,0.020002642,0.004017066,1,"M1"
"26",73,"GL","L",0.988987525493387,0.015869773,0.006364821,1,"M1"
"27",69,"GM","J",2.23394885237309,0.001511882,0.003272863,1,"M1"
"28",68,"GJ","J",3.06131234518218,0.000245711,0.000819903,1,"M1"
"29",65,"GL","L",0.922569145605952,0.015774787,0.004842433,1,"M1"
"30",64,"GM","J",2.46111845375357,0.00108285,0.002692598,1,"M1"
"31",63,"GJ","J",1.01368464941576,0.001125413,0.00049074,1,"M1"
"32",62,"GM","J",2.43186249085696,0.002136308,0.005223569,1,"M1"
"33",60,"GM","J",3.51920334606195,0.000636084,0.002535137,1,"M1"
"34",55,"GM","J",2.8467714698306,0.001546608,0.004690748,1,"M1"
"35",54,"GM","M",1.47958774851283,0.004381603,0.004802599,1,"M1"
"36",50,"GM","J",2.45091828947025,0.001130007,0.002793529,1,"M1"
"37",47,"GM","J",1.51192383533834,0.001363226,0.001556657,1,"M1"
"38",45,"GL","L",1.00417605092612,0.012173519,0.005144319,1,"M1"
"39",44,"GM","J",2.64664645585246,0.001487536,0.004089855,1,"M1"
"40",42,"SM","M",0.659489225354165,0.003692129,-0.00024266,1,"M1"
"41",39,"GJ","J",1.35647861974062,0.001241874,0.001144608,1,"M1"
"42",38,"GM","M",1.63362471966632,0.004134044,0.005433381,1,"M1"
"43",37,"GM","J",3.13195593367486,0.000673087,0.002313358,1,"M1"
"44",36,"GM","J",1.9271444322894,0.002448485,0.004236176,1,"M1"
"45",35,"GM","M",0.845433198957579,0.004440183,0.000877811,1,"M1"
"46",34,"GL","L",1.14189305586679,0.011721457,0.007240131,1,"M1"
"47",32,"GM","J",1.45064190875628,0.00201151,0.002122296,1,"M1"
"48",31,"SJ","M",0.485167474076617,0.003610759,-0.00112901,1,"M1"
"49",29,"GL","L",0.95969113006552,0.015413821,0.005542231,1,"M1"
"50",28,"SJ","M",0.137934260562386,0.010429705,-0.008391669,1,"M1"
"51",27,"GM","M",2.38588686199435,0.002846039,0.006773591,1,"M1"
"52",26,"GM","M",1.29803386548486,0.004377332,0.003672062,1,"M1"
"53",25,"GM","M",1.72930784226172,0.00309054,0.004480828,1,"M1"
"54",22,"GM","J",2.70919874698041,0.002784314,0.007901971,1,"M1"
"55",19,"GL","L",1.26361471283539,0.012545929,0.0099128,1,"M1"
"56",18,"GM","J",3.06270918034761,0.001827599,0.006102057,1,"M1"
"57",155,"D","J",0,0.001175852,-0.001175852,1,"M1"
"58",148,"D","J",0,0.000200945,-0.000200945,1,"M1"
"59",97,"D","J",0,0.001001074,-0.001001074,1,"M1"
"60",96,"D","J",0,0.001306627,-0.001306627,1,"M1"
"61",72,"D","M",0,0.005451262,-0.005451262,1,"M1"
"62",70,"D","J",0,0.000350278,-0.000350278,1,"M1"
"63",67,"D","J",0,0.001970469,-0.001970469,1,"M1"
"64",66,"D","J",0,0.000209788,-0.000209788,1,"M1"
"65",56,"D","J",0,0.000237279,-0.000237279,1,"M1"
"66",49,"D","J",0,0.001008525,-0.001008525,1,"M1"
"67",48,"D","M",0,0.009172986,-0.009172986,1,"M1"
"68",43,"D","J",0,0.000595285,-0.000595285,1,"M1"
"69",24,"D","M",0,0.007693575,-0.007693575,1,"M1"
"70",1,"D","M",0,0.009600483,-0.009600483,1,"M1"
"71",71,"FiM","L",0.899919345261422,0.014671907,0.004033098,1,"M1"
"72",87,"FuL","M",0.77639868708963,0.011628269,0.00116164244502715,1,"M1"
"73",86,"FuL","M",0.77639868708963,0.008230369,0.000822198554972856,1,"M1"
"74",61,"FuL","J",2.22583420620313,0.002545537,0.00548121604765391,1,"M1"
"75",59,"FuL","J",2.22583420620313,0.001955898,0.00421156695234609,1,"M1"
"76",58,"FuL","J",1.81710401820394,0.001779763,0.00280175753989683,1,"M1"
"77",57,"FuL","M",1.81710401820394,0.00307457,0.00484008246010317,1,"M1"
"78",41,"FuL","M",1.24280795104378,0.007208502,0.00548310810101286,1,"M1"
"79",40,"FuL","M",1.24280795104378,0.010597033,0.00806057589898714,1,"M1"
"80",21,"FuM","M",1.19842975194882,0.004227965,0.00295017031544759,1,"M1"
"81",20,"FuM","J",1.19842975194882,0.000828501,0.000578107684552413,1,"M1"
"82",156,"SJ","L",0.0817954164756971,0.021842479,-0.020502518,2,"M1"
"83",154,"GM","M",1.47110532430378,0.009724802,0.001004854,2,"M1"
"84",153,"SJ","J",0.717258508396237,0.001582574,-0.000731238,2,"M1"
"85",141,"GJ","J",1.37373855387476,0.002499281,7.57380000000001e-05,2,"M1"
"86",140,"GL","L",2.34380931399291,0.012496173,0.009470312,2,"M1"
"87",139,"SL","L",1.12225724028404,0.031349219,-0.004962803,2,"M1"
"88",138,"SM","M",0.985853820063437,0.008584744,-0.002237267,2,"M1"
"89",137,"GJ","J",4.2686235192381,0.000353084,0.000777303,2,"M1"
"90",136,"GJ","J",6.32923278424261,0.00052936,0.001983472,2,"M1"
"91",133,"GM","M",1.76629514099948,0.003222837,0.001046524,2,"M1"
"92",132,"SM","L",1.26483564106328,0.011738303,-0.000603035,2,"M1"
"93",129,"GM","J",4.0270207561913,0.002031426,0.00410402,2,"M1"
"94",128,"GM","M",4.2481856978835,0.003569784,0.007804045,2,"M1"
"95",127,"GM","M",4.66236152327909,0.00284404,0.007100917,2,"M1"
"96",126,"GL","M",6.91283316373205,0.00291861,0.012213288,2,"M1"
"97",125,"GM","M",4.14600768424028,0.003652237,0.007704415,2,"M1"
"98",124,"GJ","J",3.6915608951552,0.000302145,0.000534395,2,"M1"
"99",119,"GJ","J",3.43952192684098,0.000883491,0.001395599,2,"M1"
"100",117,"GJ","J",6.38034621105718,0.000337482,0.001277457,2,"M1"
"101",115,"GM","J",3.26407543745682,0.00129308,0.001872453,2,"M1"
"102",114,"GM","M",1.83397733297193,0.004320137,0.001622138,2,"M1"
"103",113,"GJ","J",3.78082517821746,0.000661037,0.001213412,2,"M1"
"104",112,"GM","J",4.60761009074044,0.000892105,0.002190749,2,"M1"
"105",111,"GJ","J",4.5962617135696,0.000616557,0.001508836,2,"M1"
"106",110,"GJ","J",3.40115301804097,0.001087118,0.001685973,2,"M1"
"107",109,"GM","J",3.52960618350212,0.00127479,0.00209984,2,"M1"
"108",108,"SM","M",1.13523386799776,0.004359931,-0.000647775,2,"M1"
"109",106,"GM","M",2.41498614644797,0.003844742,0.003119007,2,"M1"
"110",105,"GJ","J",3.84544923903731,0.000769223,0.001449283,2,"M1"
"111",104,"GJ","J",5.90518825725461,0.000370362,0.001269931,2,"M1"
"112",103,"GM","M",1.536837299805,0.007138082,0.001089471,2,"M1"
"113",99,"GM","M",1.46478214085807,0.008076939,0.000796277999999999,2,"M1"
"114",98,"GM","J",3.49863114821571,0.002761682,0.004484898,2,"M1"
"115",95,"SJ","M",0.34809009732317,0.006489205,-0.004795084,2,"M1"
"116",92,"SJ","L",0.187875990641832,0.014958484,-0.012850729,2,"M1"
"117",91,"GL","L",1.77800208415238,0.019400053,0.006469948,2,"M1"
"118",88,"GM","M",1.74359248329488,0.006139534,0.0018891,2,"M1"
"119",85,"GM","J",2.04556305774541,0.002693732,0.001438917,2,"M1"
"120",84,"GM","M",2.17846921907211,0.002898808,0.001837415,2,"M1"
"121",83,"GM","J",4.23571561901098,0.001169675,0.002546133,2,"M1"
"122",82,"GM","M",1.85647687271661,0.006705219,0.002630844,2,"M1"
"123",81,"GL","L",1.42018475787825,0.022651772,0.001475504,2,"M1"
"124",80,"GM","M",2.98116311238577,0.00374478,0.00462807,2,"M1"
"125",76,"GJ","J",1.72623395520837,0.000713809,0.000210342,2,"M1"
"126",75,"GL","M",2.58084559883941,0.008387886,0.007847993,2,"M1"
"127",74,"GL","L",1.42701890186731,0.024019708,0.001687725,2,"M1"
"128",69,"GM","M",1.83899204659809,0.004784745,0.001814586,2,"M1"
"129",65,"SM","L",0.479361556343031,0.02061722,-0.013204893,2,"M1"
"130",64,"GM","M",2.01099525142447,0.003775448,0.001918858,2,"M1"
"131",63,"GJ","J",1.88793016502769,0.001616153,0.000672235,2,"M1"
"132",62,"GM","M",1.61208708605683,0.007359877,0.001538695,2,"M1"
"133",55,"GM","M",2.39535191941372,0.006237356,0.004968141,2,"M1"
"134",54,"SM","M",1.1285576398835,0.009184202,-0.001410526,2,"M1"
"135",47,"GM","M",1.96475863359365,0.002919883,0.001382766,2,"M1"
"136",45,"GL","L",1.62246703851447,0.017317838,0.003755378,2,"M1"
"137",44,"GM","M",2.17130554411552,0.005577391,0.003505274,2,"M1"
"138",42,"GM","M",3.13519984283571,0.003449469,0.004661612,2,"M1"
"139",38,"GL","M",1.78499913334396,0.009567425,0.003240959,2,"M1"
"140",35,"GM","M",1.47603450975437,0.005317994,0.000569162999999999,2,"M1"
"141",34,"GL","L",1.53583746959028,0.018961588,0.00287985,2,"M1"
"142",32,"GM","M",1.90631909996099,0.004133806,0.001776459,2,"M1"
"143",31,"SJ","J",0.378743646785661,0.002481749,-0.001776789,2,"M1"
"144",29,"SL","L",1.24369195749912,0.020956052,-0.001408897,2,"M1"
"145",27,"GM","M",1.4817229630107,0.00961963,0.00107059,2,"M1"
"146",26,"GM","M",1.67679455124199,0.008049394,0.002073491,2,"M1"
"147",25,"GM","M",1.95684478683377,0.007571368,0.003540626,2,"M1"
"148",22,"SM","M",1.15412119366085,0.010686285,-0.001436334,2,"M1"
"149",19,"GL","L",1.46301683709112,0.022458729,0.002184395,2,"M1"
"150",18,"GM","M",1.62832015243368,0.007929656,0.001754358,2,"M1"
"151",149,"D","M",0,0.004677373,-0.004677373,2,"M1"
"152",143,"D","M",0,0.008980203,-0.008980203,2,"M1"
"153",116,"D","J",0,0.00069284,-0.00069284,2,"M1"
"154",107,"D","J",0,0.002175284,-0.002175284,2,"M1"
"155",102,"D","J",0,0.001566814,-0.001566814,2,"M1"
"156",100,"D","J",0,0.002101615,-0.002101615,2,"M1"
"157",79,"D","M",0,0.008252701,-0.008252701,2,"M1"
"158",73,"D","L",0,0.022234594,-0.022234594,2,"M1"
"159",68,"D","J",0,0.001065614,-0.001065614,2,"M1"
"160",39,"D","J",0,0.002386482,-0.002386482,2,"M1"
"161",28,"D","J",0,0.002038036,-0.002038036,2,"M1"
"162",142,"FuL","L",1.78623498471111,0.014194218,0.00482143857916209,2,"M1"
"163",101,"FuM","J",2.57596984618542,0.001078374,0.00100502018018277,2,"M1"
"164",94,"FuL","M",1.76237707029582,0.004290305,0.00138054636743162,2,"M1"
"165",93,"FuL","M",1.76237707029582,0.005127069,0.00164980263256838,2,"M1"
"166",90,"FuL","M",1.95522801852591,0.004379998,0.00204292310801559,2,"M1"
"167",89,"FuL","M",1.95522801852591,0.00422863,0.00197232189198441,2,"M1"
"168",60,"FuL","M",1.78623498471111,0.003171221,0.00107718842083791,2,"M1"
"169",50,"FuM","M",2.57596984618542,0.003923536,0.00365664681981723,2,"M1"
"170",37,"FuL","M",2.43960073784046,0.002986445,0.00247785506913997,2,"M1"
"171",36,"FuL","M",2.43960073784046,0.006684661,0.00554626693086003,2,"M1"
"172",68,"SL","L",0.752556732223903,0.03305,-0.00196,1,"M2"
"173",56,"GL","M",0.915057915057915,0.01036,0.00149,1,"M2"
"174",47,"GM","J",1.81657675331045,0.002039,0.002591,1,"M2"
"175",46,"GL","L",1.23688485427616,0.02093,0.01143,1,"M2"
"176",42,"GL","L",1.46454767726161,0.01636,0.01359,1,"M2"
"177",41,"SM","M",0.798909090909091,0.0044,-5.99999999999993e-06,1,"M2"
"178",40,"SJ","M",0.606547251389747,0.003238,-0.000783,1,"M2"
"179",38,"GM","M",1.4336264873254,0.003866,0.003062,1,"M2"
"180",37,"SM","L",0.140442695523856,0.02033,-0.016761,1,"M2"
"181",35,"GM","M",1.59513222560262,0.004273,0.004247,1,"M2"
"182",34,"SJ","M",0.296255046637895,0.007183,-0.004523,1,"M2"
"183",32,"GM","M",0.8928,0.01,0.00116,1,"M2"
"184",31,"GM","M",0.806046141607001,0.007542,5.69999999999998e-05,1,"M2"
"185",30,"SM","M",0.776575240919199,0.008094,-0.000237000000000001,1,"M2"
"186",29,"GL","L",0.867758689572513,0.02503,0.00212,1,"M2"
"187",28,"SM","M",0.728579940417081,0.01007,-0.000899,1,"M2"
"188",27,"SM","M",0.77200445158897,0.008087,-0.000283,1,"M2"
"189",26,"GL","L",0.960770818995182,0.01453,0.00292,1,"M2"
"190",25,"GL","L",0.936060279870829,0.01858,0.00316,1,"M2"
"191",24,"GM","M",0.98613325312077,0.006649,0.001547,1,"M2"
"192",23,"GL","M",1.02439024390244,0.01066,0.00299,1,"M2"
"193",22,"SL","L",0.546911834040547,0.02121,-0.00671,1,"M2"
"194",21,"GL","M",1.11340619673117,0.009973,0.003907,1,"M2"
"195",20,"SL","L",0.795192307692308,0.01664,-9.99999999999994e-05,1,"M2"
"196",19,"SL","L",0.793285990961911,0.01549,-0.00013,1,"M2"
"197",18,"SM","L",0.304458598726115,0.01256,-0.00778,1,"M2"
"198",17,"SM","L",0.358722222222222,0.0144,-0.007943,1,"M2"
"199",16,"SL","L",0.660846205507052,0.01489,-0.00259,1,"M2"
"200",14,"SM","M",0.705190839694656,0.01048,-0.001242,1,"M2"
"201",13,"SM","L",0.502166476624857,0.01754,-0.00653,1,"M2"
"202",12,"GM","M",1.21005632641846,0.007279,0.003731,1,"M2"
"203",11,"GM","M",1.71342383107089,0.005304,0.006056,1,"M2"
"204",9,"SM","L",0.229375936095856,0.02003,-0.014287,1,"M2"
"205",8,"SM","L",0.38902677988243,0.01531,-0.007865,1,"M2"
"206",7,"GL","M",1.10654867256637,0.0113,0.00433,1,"M2"
"207",6,"GM","M",1.68093385214008,0.00514,0.00566,1,"M2"
"208",1,"SL","L",0.461777959852519,0.02441,-0.01032,1,"M2"
"209",75,"D","J",0,0.002585,-0.002585,1,"M2"
"210",74,"D","J",0,0.002571,-0.002571,1,"M2"
"211",71,"D","J",0,0.0004138,-0.0004138,1,"M2"
"212",55,"D","M",0,0.003404,-0.003404,1,"M2"
"213",54,"D","J",0,0.001038,-0.001038,1,"M2"
"214",53,"D","L",0,0.01343,-0.01343,1,"M2"
"215",45,"D","M",0,0.006574,-0.006574,1,"M2"
"216",44,"D","M",0,0.002868,-0.002868,1,"M2"
"217",36,"D","M",0,0.01017,-0.01017,1,"M2"
"218",33,"D","M",0,0.006136,-0.006136,1,"M2"
"219",15,"D","M",0,0.00402,-0.00402,1,"M2"
"220",10,"D","M",0,0.009964,-0.009964,1,"M2"
"221",5,"D","J",0,0.001019,-0.001019,1,"M2"
"222",2,"D","M",0,0.008814,-0.008814,1,"M2"
"223",39,"FiM","L",0.608095808383234,0.0167,-0.004006,1,"M2"
"224",49,"FuJ","J",0.563357587049019,0.0007649,-0.000226259727082756,1,"M2"
"225",43,"FuL","M",0.657167637219675,0.006381,-0.00113926663362657,1,"M2"
"226",4,"FuL","M",0.657167637219675,0.009761,-0.00174273336637344,1,"M2"
"227",3,"FuJ","M",0.563357587049019,0.003207,-0.000948640272917244,1,"M2"
"228",66,"GM","M",1.21279906489197,0.007233,0.000808161,2,"M2"
"229",65,"SM","L",0.234892307692308,0.01326,-0.010404884,2,"M2"
"230",63,"GM","M",1.79010767107079,0.005532,0.003545636,2,"M2"
"231",57,"GM","J",3.64588461780434,0.001445,0.003384278,2,"M2"
"232",56,"GL","L",1.13021781357883,0.01185,0.000426991,2,"M2"
"233",46,"SL","L",0.999643353185751,0.03236,-0.002707246,2,"M2"
"234",40,"GM","J",3.20862225513794,0.002455,0.004765737,2,"M2"
"235",38,"GM","M",1.53527251732102,0.006928,0.002822004,2,"M2"
"236",35,"GM","M",1.36175377720871,0.00852,0.002115297,2,"M2"
"237",34,"GM","J",3.07176090225564,0.00266,0.004829977,2,"M2"
"238",32,"GL","M",1.58192062561095,0.01116,0.005023048,2,"M2"
"239",31,"GM","M",1.5678629006209,0.007599,0.003322341,2,"M2"
"240",30,"GL","M",1.86311083342011,0.007857,0.00556159,2,"M2"
"241",29,"SL","L",0.58393832245103,0.02715,-0.012617235,2,"M2"
"242",27,"GL","M",1.63727911094544,0.007804,0.003908549,2,"M2"
"243",25,"SL","L",0.628457071171699,0.02174,-0.009215898,2,"M2"
"244",24,"GL","M",1.72190789298549,0.008196,0.004740694,2,"M2"
"245",23,"SM","L",0.922573346653347,0.01365,-0.002106301,2,"M2"
"246",21,"GL","L",1.23257322504585,0.01388,0.00180244,2,"M2"
"247",20,"SM","L",0.309626778058701,0.01654,-0.011845542,2,"M2"
"248",19,"SL","L",1.07728856534091,0.01536,-0.000191777000000001,2,"M2"
"249",17,"GM","M",1.56758263758852,0.006457,0.002821391,2,"M2"
"250",14,"GM","M",1.19873207502608,0.009238,0.000913063,2,"M2"
"251",13,"GL","M",1.29997711171662,0.01101,0.002110019,2,"M2"
"252",11,"GL","M",1.22517733674776,0.01136,0.00139818,2,"M2"
"253",9,"SM","M",1.0166919411774,0.005743,-0.00039071,2,"M2"
"254",8,"SM","M",1.00262868306978,0.007445,-0.000602477000000001,2,"M2"
"255",7,"SL","L",1.05480097714186,0.01563,-0.000517339000000002,2,"M2"
"256",6,"GL","M",1.30511494949495,0.0108,0.002120638,2,"M2"
"257",59,"D","M",0,0.00295,-0.00295,2,"M2"
"258",41,"D","M",0,0.004394,-0.004394,2,"M2"
"259",37,"D","M",0,0.003569,-0.003569,2,"M2"
"260",26,"D","L",0,0.01745,-0.01745,2,"M2"
"261",22,"D","L",0,0.0145,-0.0145,2,"M2"
"262",12,"D","M",0,0.01101,-0.01101,2,"M2"
"263",1,"D","L",0,0.01409,-0.01409,2,"M2"
"264",74,"FiM","J",2.25695049891117,0.002797,0.002989633,2,"M2"
"265",68,"FiL","L",0.836466598438551,0.03109,-0.007251399,2,"M2"
"266",42,"FiJ","L",0.427704477158901,0.02995,-0.01820773,2,"M2"
"267",18,"FiM","M",1.64923134271586,0.00478,0.002446382,2,"M2"
"268",67,"FuL","M",1.44622009046175,0.005461,0.00177865725451066,2,"M2"
"269",47,"FuM","M",0.558877044514847,0.00463,-0.0022580326769049,2,"M2"
"270",28,"FuL","M",1.44622009046175,0.009171,0.00298701074548934,2,"M2"
"271",16,"FuM","L",0.558877044514847,0.0123,-0.0059986613230951,2,"M2"
"272",210,"SL","L",0.606595299896592,0.015223892,-0.00137178,1,"TY3"
"273",174,"SJ","J",0.55361441979214,0.001208857,-0.000204996,1,"TY3"
"274",157,"SJ","M",0.159239079363233,0.005792527,-0.004408932,1,"TY3"
"275",156,"GM","M",0.758583001294686,0.005457949,0.000752511999999999,1,"TY3"
"276",122,"GM","J",1.3589931386955,0.002393471,0.002485595,1,"TY3"
"277",119,"GM","M",0.930082471351125,0.004497966,0.001777253,1,"TY3"
"278",118,"SJ","J",0.355293051785476,0.001432699,-0.000669157,1,"TY3"
"279",116,"SJ","J",0.286650132697568,0.001510829,-0.00086121,1,"TY3"
"280",115,"GM","J",8.52694085306689,0.000452782,0.005338486,1,"TY3"
"281",113,"SM","M",0.659522620209831,0.006720561,-7.20180000000001e-05,1,"TY3"
"282",107,"GJ","J",0.72847984360738,0.002040676,0.000189211,1,"TY3"
"283",100,"GM","M",1.09388580914422,0.00482724,0.003093434,1,"TY3"
"284",91,"GM","M",0.776595690486538,0.007655667,0.00126237,1,"TY3"
"285",90,"GM","M",0.910089061316505,0.007918814,0.002891425,1,"TY3"
"286",89,"GM","J",2.39134319092072,0.00264162,0.00683391,1,"TY3"
"287",88,"GM","M",1.88420836979909,0.00353071,0.00644818,1,"TY3"
"288",87,"GM","M",1.09611632184621,0.004254678,0.002740755,1,"TY3"
"289",86,"GL","L",0.895367560689312,0.012447373,0.004270088,1,"TY3"
"290",85,"GL","M",0.802553258345911,0.010544435,0.002149271,1,"TY3"
"291",84,"GM","M",1.45254229793824,0.005088605,0.005998516,1,"TY3"
"292",83,"GL","L",0.976188069492711,0.01212885,0.005631208,1,"TY3"
"293",81,"GJ","J",1.15594551418851,0.001312048,0.000962936,1,"TY3"
"294",80,"GL","M",1.51594607461685,0.006706823,0.00854395,1,"TY3"
"295",77,"GM","J",4.1495036117938,0.000669335,0.003496777,1,"TY3"
"296",73,"GJ","J",1.16584340388464,0.001523005,0.001140373,1,"TY3"
"297",71,"GM","J",1.2253855877386,0.002159971,0.001810225,1,"TY3"
"298",70,"GM","M",1.96893355526675,0.003464102,0.006766778,1,"TY3"
"299",69,"GL","M",0.770813358627469,0.011408178,0.001782186,1,"TY3"
"300",68,"GL","M",1.07332364911417,0.010545679,0.006432711,1,"TY3"
"301",67,"GM","M",1.86203100422652,0.003373067,0.006048066,1,"TY3"
"302",51,"GM","M",1.03514929470142,0.002845178,0.001572598,1,"TY3"
"303",50,"GM","J",6.86139276330185,0.000368658,0.003425603,1,"TY3"
"304",49,"SJ","M",0.169320740423126,0.01040162,-0.007759805,1,"TY3"
"305",47,"SM","L",0.638201995922431,0.012019906,-0.000513214,1,"TY3"
"306",46,"GL","M",1.5914768241585,0.005135441,0.007123962,1,"TY3"
"307",45,"SM","M",0.662704141342745,0.010010956,-5.95029999999989e-05,1,"TY3"
"308",44,"GM","J",3.22311906483013,0.001615792,0.006196043,1,"TY3"
"309",42,"GL","M",1.55463694697234,0.005373586,0.007157377,1,"TY3"
"310",37,"SM","L",0.190250958363079,0.015237614,-0.010889158,1,"TY3"
"311",36,"SM","L",0.424242231517917,0.011949857,-0.004345406,1,"TY3"
"312",35,"SM","L",0.353649469924182,0.017783368,-0.00834975,1,"TY3"
"313",32,"SJ","M",0.362158592118711,0.003512209,-0.001604244,1,"TY3"
"314",31,"GM","M",0.959478869940069,0.003598641,0.001580589,1,"TY3"
"315",30,"GM","M",0.90283363139619,0.004710975,0.001668865,1,"TY3"
"316",28,"SM","M",0.216330169049676,0.00876133,-0.00591832,1,"TY3"
"317",25,"SM","L",0.248164204729612,0.017550205,-0.011017206,1,"TY3"
"318",24,"GM","M",0.728450568851522,0.0065893,0.000610668999999999,1,"TY3"
"319",22,"GM","J",1.96277283507568,0.001843009,0.003583103,1,"TY3"
"320",20,"GM","M",0.785346858224303,0.004816305,0.0008574,1,"TY3"
"321",19,"GM","M",0.989867815435726,0.007847008,0.003804243,1,"TY3"
"322",18,"GJ","J",1.98063014566551,0.000855453,0.001686051,1,"TY3"
"323",17,"GM","J",1.3086265398618,0.001710029,0.001646655,1,"TY3"
"324",10,"GL","M",0.968501071414308,0.00817922,0.003703155,1,"TY3"
"325",6,"GM","M",0.76563031512242,0.006047015,0.000897652,1,"TY3"
"326",255,"D","J",0,0.001332684,-0.001332684,1,"TY3"
"327",254,"D","J",0,0.001757872,-0.001757872,1,"TY3"
"328",253,"D","J",0,0.00019245,-0.00019245,1,"TY3"
"329",252,"D","J",0,0.001202956,-0.001202956,1,"TY3"
"330",246,"D","J",0,0.000616971,-0.000616971,1,"TY3"
"331",245,"D","J",0,0.000962779,-0.000962779,1,"TY3"
"332",220,"D","J",0,0.001183048,-0.001183048,1,"TY3"
"333",219,"D","J",0,0.000604866,-0.000604866,1,"TY3"
"334",189,"D","J",0,0.001237169,-0.001237169,1,"TY3"
"335",188,"D","M",0,0.005845981,-0.005845981,1,"TY3"
"336",187,"D","L",0,0.015166729,-0.015166729,1,"TY3"
"337",186,"D","M",0,0.003955141,-0.003955141,1,"TY3"
"338",185,"D","J",0,0.001075696,-0.001075696,1,"TY3"
"339",177,"D","J",0,0.001251225,-0.001251225,1,"TY3"
"340",97,"D","J",0,0.000436041,-0.000436041,1,"TY3"
"341",96,"D","J",0,0.000635613,-0.000635613,1,"TY3"
"342",95,"D","J",0,0.002188688,-0.002188688,1,"TY3"
"343",94,"D","J",0,0.001552401,-0.001552401,1,"TY3"
"344",93,"D","M",0,0.006559887,-0.006559887,1,"TY3"
"345",92,"D","M",0,0.010706039,-0.010706039,1,"TY3"
"346",82,"D","J",0,0.001100492,-0.001100492,1,"TY3"
"347",79,"D","M",0,0.007589704,-0.007589704,1,"TY3"
"348",78,"D","L",0,0.016424249,-0.016424249,1,"TY3"
"349",66,"D","J",0,0.002133412,-0.002133412,1,"TY3"
"350",65,"D","J",0,0.000974697,-0.000974697,1,"TY3"
"351",64,"D","J",0,0.001874289,-0.001874289,1,"TY3"
"352",63,"D","J",0,0.002221751,-0.002221751,1,"TY3"
"353",62,"D","J",0,0.002520597,-0.002520597,1,"TY3"
"354",61,"D","M",0,0.008561863,-0.008561863,1,"TY3"
"355",60,"D","J",0,0.002704008,-0.002704008,1,"TY3"
"356",58,"D","M",0,0.00397465,-0.00397465,1,"TY3"
"357",57,"D","J",0,0.002729873,-0.002729873,1,"TY3"
"358",55,"D","J",0,0.001355792,-0.001355792,1,"TY3"
"359",54,"D","M",0,0.007395835,-0.007395835,1,"TY3"
"360",52,"D","J",0,0.00096983,-0.00096983,1,"TY3"
"361",29,"D","M",0,0.009939407,-0.009939407,1,"TY3"
"362",27,"D","M",0,0.004698206,-0.004698206,1,"TY3"
"363",26,"D","M",0,0.004800099,-0.004800099,1,"TY3"
"364",23,"D","M",0,0.003618163,-0.003618163,1,"TY3"
"365",21,"D","M",0,0.00964822,-0.00964822,1,"TY3"
"366",16,"D","M",0,0.004683743,-0.004683743,1,"TY3"
"367",15,"D","M",0,0.007404093,-0.007404093,1,"TY3"
"368",14,"D","J",0,0.001645266,-0.001645266,1,"TY3"
"369",13,"D","M",0,0.003531385,-0.003531385,1,"TY3"
"370",9,"D","J",0,0.002368558,-0.002368558,1,"TY3"
"371",8,"D","M",0,0.005059436,-0.005059436,1,"TY3"
"372",7,"D","L",0,0.012804517,-0.012804517,1,"TY3"
"373",5,"D","M",0,0.006209411,-0.006209411,1,"TY3"
"374",4,"D","M",0,0.003038272,-0.003038272,1,"TY3"
"375",3,"D","M",0,0.005818854,-0.005818854,1,"TY3"
"376",2,"D","M",0,0.005305305,-0.005305305,1,"TY3"
"377",120,"FiM","M",1.0172895399465,0.006219965,0.003271293,1,"TY3"
"378",76,"FiJ","L",0.0608079373437003,0.012417118,-0.011284529,1,"TY3"
"379",72,"FiM","M",0.777166436231517,0.004265119,0.000706942,1,"TY3"
"380",56,"FiJ","M",0.198717419810879,0.008435392,-0.005921003,1,"TY3"
"381",48,"FiM","L",0.407601632389041,0.018683373,-0.007260313,1,"TY3"
"382",41,"FiM","L",0.525321112919731,0.015088851,-0.003199113,1,"TY3"
"383",40,"FiJ","M",0.904675912537896,0.010502057,0.00374938,1,"TY3"
"384",12,"FiJ","M",0.360386308261714,0.01088043,-0.004998693,1,"TY3"
"385",11,"FiJ","L",0.0905817890811756,0.019033215,-0.016447121,1,"TY3"
"386",1,"FiM","M",0.210815077588369,0.010324056,-0.007059356,1,"TY3"
"387",179,"FuM","J",1.07877359575805,0.002044078,0.00126356806110489,1,"TY3"
"388",106,"FuL","J",3.26147021438806,0.001802653,0.00701629559956591,1,"TY3"
"389",98,"FuL","J",3.26147021438806,0.001264029,0.00491986040043408,1,"TY3"
"390",75,"FuM","J",1.23295251849411,0.001119842,0.000951226021323213,1,"TY3"
"391",74,"FuM","M",1.23295251849411,0.003567913,0.00303068797867679,1,"TY3"
"392",53,"FuM","M",1.07877359575805,0.003968567,0.00245321093889511,1,"TY3"
"393",39,"FuM","J",0.616134022163982,0.001026547,-7.78112019244456e-05,1,"TY3"
"394",38,"FuM","M",0.616134022163982,0.006378079,-0.000483451798075555,1,"TY3"
"395",34,"FuM","J",0.800903021159063,0.001198343,0.000241291793627222,1,"TY3"
"396",33,"FuM","M",0.800903021159063,0.006299894,0.00126851220637278,1,"TY3"
"397",262,"SJ","J",0.667038031826038,0.001140387,-0.000633266,2,"TY3"
"398",257,"GJ","J",2.67690901003311,0.000303495,0.000238124,2,"TY3"
"399",243,"GJ","J",2.75054945054945,0.000165165,0.000137698,2,"TY3"
"400",237,"SM","L",1.12002166601482,0.012052978,-0.003053247,2,"TY3"
"401",222,"GJ","J",2.53776937215311,0.00112623,0.000779178,2,"TY3"
"402",217,"GJ","J",1.56174898432102,0.000302507,1.2453e-05,2,"TY3"
"403",214,"SJ","J",0.617360391575773,0.001615626,-0.000950677,2,"TY3"
"404",209,"GJ","J",4.48734991190777,0.000460313,0.000916744,2,"TY3"
"405",205,"SJ","J",1.25822460031809,0.000894086,-0.000144112,2,"TY3"
"406",202,"SM","M",1.27084373838885,0.009008041,-0.001376166,2,"TY3"
"407",200,"GM","M",2.01920963421055,0.006843363,0.00236876,2,"TY3"
"408",199,"SM","M",0.977703589375788,0.008669669,-0.003018758,2,"TY3"
"409",197,"GM","J",6.02664465980739,0.001114501,0.0033633,2,"TY3"
"410",184,"GL","L",1.71923921993959,0.015002838,0.002192807,2,"TY3"
"411",176,"SJ","J",0.552303083295343,0.001792141,-0.001132271,2,"TY3"
"412",172,"SM","M",1.27701739855051,0.004755741,-0.000706965,2,"TY3"
"413",169,"GM","M",2.9165959903925,0.004772936,0.004507548,2,"TY3"
"414",167,"GM","J",2.95440473911426,0.002324485,0.002253828,2,"TY3"
"415",164,"GM","M",2.85086801561715,0.00308635,0.002779501,2,"TY3"
"416",163,"GJ","J",5.16828041235915,0.000687944,0.001682381,2,"TY3"
"417",157,"GM","J",4.34914949822744,0.001383595,0.002628046,2,"TY3"
"418",153,"GM","J",5.21677397046575,0.001124999,0.002787578,2,"TY3"
"419",145,"GM","J",4.77825592080531,0.00095764,0.002092926,2,"TY3"
"420",144,"GJ","J",5.5282005519619,0.000574315,0.001542304,2,"TY3"
"421",142,"GJ","J",4.30732054824379,0.000623956,0.001167763,2,"TY3"
"422",137,"SJ","J",1.29838028750591,0.002809264,-0.000377602,2,"TY3"
"423",135,"GJ","J",3.7809234874126,0.001011925,0.001538749,2,"TY3"
"424",132,"GJ","J",5.88091280739753,0.000365203,0.001066615,2,"TY3"
"425",130,"GM","M",1.56138661274757,0.004508483,0.000184507,2,"TY3"
"426",129,"GJ","J",2.82579438131802,0.001201029,0.001061545,2,"TY3"
"427",128,"GM","J",6.81641677694326,0.001181121,0.004186221,2,"TY3"
"428",127,"GJ","J",4.6146638208221,0.000543951,0.001129483,2,"TY3"
"429",125,"GJ","J",3.25118593013878,0.000860506,0.001004604,2,"TY3"
"430",124,"GM","M",1.53525295090831,0.002962986,6.96360000000001e-05,2,"TY3"
"431",123,"GJ","J",1.68361955270618,0.002145033,0.00026258,2,"TY3"
"432",122,"GM","M",2.15671903188028,0.004879066,0.002136117,2,"TY3"
"433",119,"GM","M",1.83125584939745,0.006275219,0.001385802,2,"TY3"
"434",118,"GJ","J",5.27706137972764,0.000763542,0.00192263,2,"TY3"
"435",117,"GJ","J",2.60400140648739,0.001595464,0.001174263,2,"TY3"
"436",116,"GJ","J",4.35792903224813,0.000649619,0.00123771,2,"TY3"
"437",115,"GM","M",1.84327249231084,0.005791268,0.001325322,2,"TY3"
"438",114,"SJ","M",0.950603840499736,0.003667856,-0.001343404,2,"TY3"
"439",112,"GM","M",2.27513169781351,0.006135827,0.003170716,2,"TY3"
"440",109,"GJ","J",8.2094448401446,0.000446466,0.001997026,2,"TY3"
"441",108,"GJ","J",4.77710275116049,0.000764332,0.001669863,2,"TY3"
"442",104,"GM","J",6.01882037025749,0.000918712,0.002767663,2,"TY3"
"443",103,"GJ","J",3.31415044633741,0.001190019,0.001439249,2,"TY3"
"444",102,"GM","M",1.6134967307408,0.004423938,0.000334735,2,"TY3"
"445",101,"GM","J",2.94248876823071,0.001793128,0.001724378,2,"TY3"
"446",99,"GJ","J",2.55324002986276,0.001510912,0.001060902,2,"TY3"
"447",91,"SM","M",1.16306217388423,0.008918037,-0.002003216,2,"TY3"
"448",90,"GL","M",1.74297298144842,0.010810239,0.001751064,2,"TY3"
"449",89,"GM","M",1.62272210630962,0.00947553,0.000775238000000001,2,"TY3"
"450",88,"SM","M",1.49669437181891,0.00997889,-2.19910000000007e-05,2,"TY3"
"451",84,"GL","M",1.71168574781496,0.011087121,0.001564657,2,"TY3"
"452",83,"GL","L",1.70739966051913,0.017760058,0.00245562,2,"TY3"
"453",81,"GM","J",2.6672818358283,0.002274984,0.001770365,2,"TY3"
"454",80,"SL","L",1.41495873684567,0.015250773,-0.00086463,2,"TY3"
"455",77,"GM","M",3.04669353584349,0.004166112,0.004295799,2,"TY3"
"456",70,"GL","M",1.72976703861251,0.01023088,0.001567146,2,"TY3"
"457",68,"SM","L",0.575234224210894,0.01697839,-0.010467356,2,"TY3"
"458",67,"SM","M",1.43424739890627,0.009421133,-0.000412976000000001,2,"TY3"
"459",51,"GM","M",2.45612600095614,0.004417776,0.002815967,2,"TY3"
"460",50,"GM","M",3.33271498718723,0.003794261,0.004635866,2,"TY3"
"461",49,"GM","J",4.06720947530391,0.002641815,0.004521395,2,"TY3"
"462",46,"GL","L",1.9009899584833,0.012259403,0.003277265,2,"TY3"
"463",44,"GL","M",2.55639596842483,0.007811835,0.005501594,2,"TY3"
"464",36,"SM","M",1.25418659414072,0.007604451,-0.001246184,2,"TY3"
"465",35,"GM","M",1.693317028525,0.009433618,0.001215786,2,"TY3"
"466",32,"GJ","J",1.92173100659603,0.001907965,0.000536432,2,"TY3"
"467",31,"GM","M",2.4411142196813,0.00517923,0.003249498,2,"TY3"
"468",30,"GL","M",2.83813159891157,0.00637984,0.005691377,2,"TY3"
"469",24,"GM","M",1.75177233401977,0.007199969,0.001208502,2,"TY3"
"470",22,"GM","M",1.92707236783907,0.005426112,0.001544895,2,"TY3"
"471",20,"GM","M",2.02091411167835,0.005673705,0.001970342,2,"TY3"
"472",19,"GL","M",1.74653837600786,0.011651251,0.001914987,2,"TY3"
"473",10,"GL","L",1.89577201527472,0.011882375,0.003135141,2,"TY3"
"474",6,"SM","M",1.45060497501176,0.006944667,-0.000228687999999999,2,"TY3"
"475",1,"SJ","M",0.165642325481668,0.0032647,-0.002904185,2,"TY3"
"476",261,"D","J",0,0.000731663,-0.000731663,2,"TY3"
"477",260,"D","J",0,0.000642339,-0.000642339,2,"TY3"
"478",259,"D","J",0,0.000350346,-0.000350346,2,"TY3"
"479",251,"D","J",0,0.000524845,-0.000524845,2,"TY3"
"480",244,"D","J",0,0.000413388,-0.000413388,2,"TY3"
"481",263,"D","J",0,0.00049543,-0.00049543,2,"TY3"
"482",242,"D","J",0,0.000223771,-0.000223771,2,"TY3"
"483",238,"D","J",0,0.002198459,-0.002198459,2,"TY3"
"484",233,"D","J",0,0.000953645,-0.000953645,2,"TY3"
"485",230,"D","J",0,0.00043999,-0.00043999,2,"TY3"
"486",225,"D","J",0,0.000752412,-0.000752412,2,"TY3"
"487",213,"D","J",0,0.002821368,-0.002821368,2,"TY3"
"488",211,"D","J",0,0.002287778,-0.002287778,2,"TY3"
"489",181,"D","J",0,0.000579766,-0.000579766,2,"TY3"
"490",178,"D","J",0,0.000613626,-0.000613626,2,"TY3"
"491",175,"D","J",0,0.001574387,-0.001574387,2,"TY3"
"492",174,"D","J",0,0.001003861,-0.001003861,2,"TY3"
"493",173,"D","M",0,0.004735517,-0.004735517,2,"TY3"
"494",162,"D","J",0,0.002283052,-0.002283052,2,"TY3"
"495",73,"D","J",0,0.002663378,-0.002663378,2,"TY3"
"496",47,"D","M",0,0.011506692,-0.011506692,2,"TY3"
"497",45,"D","M",0,0.009951453,-0.009951453,2,"TY3"
"498",37,"D","M",0,0.004348456,-0.004348456,2,"TY3"
"499",28,"D","M",0,0.00284301,-0.00284301,2,"TY3"
"500",25,"D","M",0,0.006532999,-0.006532999,2,"TY3"
"501",210,"FiM","L",0.494194026152835,0.013852112,-0.009288358,2,"TY3"
"502",180,"FiJ","M",0.472311361905905,0.009729424,-0.006665879,2,"TY3"
"503",264,"FiJ","M",0.939175344700339,0.006650124,-0.002486369,2,"TY3"
"504",85,"FiM","L",0.735793156072781,0.012693706,-0.006467078,2,"TY3"
"505",42,"FiJ","L",1.19505105074526,0.012530963,-0.002547536,2,"TY3"
"506",226,"FuM","J",1.45389274768468,0.001137677,-3.49701069948926e-05,2,"TY3"
"507",215,"FuM","J",2.58637716795587,0.001444743,0.00104635720584272,2,"TY3"
"508",212,"FuM","J",2.58637716795587,0.000298316,0.000216055794157283,2,"TY3"
"509",183,"FuJ","J",4.13760627003126,0.000330151,0.000580538898438059,2,"TY3"
"510",182,"FuJ","J",4.13760627003125,0.000675777,0.00118828910156194,2,"TY3"
"511",171,"FuL","J",2.11758535904302,0.000906864,0.000373377286028796,2,"TY3"
"512",170,"FuL","M",2.11758535904302,0.004065197,0.00167373743255042,2,"TY3"
"513",168,"FuM","M",1.45389274768468,0.009999649,-0.000307370893005107,2,"TY3"
"514",156,"FuL","M",1.76528654633899,0.006210461,0.00109836783324199,2,"TY3"
"515",113,"FuL","M",1.96184210148271,0.006648543,0.0020470513806121,2,"TY3"
"516",111,"FuM","J",1.96441988875247,0.002467317,0.000763914057771379,2,"TY3"
"517",110,"FuM","M",1.96441988875247,0.003276271,0.00101437694222862,2,"TY3"
"518",107,"FuM","J",2.67801643694365,0.002229887,0.00175122902568465,2,"TY3"
"519",105,"FuM","J",2.67801643694365,0.002510532,0.00197163197431535,2,"TY3"
"520",100,"FuL","M",1.76528654633899,0.007920674,0.00140083216675801,2,"TY3"
"521",87,"FuL","M",1.45508576473205,0.006995433,-0.000209463015708796,2,"TY3"
"522",86,"FuL","L",1.45508576473205,0.016717461,-0.000500567984291204,2,"TY3"
"523",71,"FuL","M",2.11758535904302,0.003970196,0.00163462328142079,2,"TY3"
"524",69,"FuL","L",1.96184210148271,0.013190364,0.0040612436193879,2,"TY3"
"525",18,"FuL","J",3.30538039818331,0.002541504,0.00305892100233631,2,"TY3"
"526",17,"FuL","M",3.30538039818331,0.003356684,0.00404006099766369,2,"TY3"
